producent,kategoria,nazwa,opis,cena,zdjecie
GMC,Terenowe,Savana 1500,Multi-layered didactic help-desk,6495.81,http://dummyimage.com/181x150.png/5fa2dd/ffffff
Porsche,Terenowe,911,Universal next generation Graphic Interface,5316.79,http://dummyimage.com/176x241.png/5fa2dd/ffffff
Jeep,Terenowe,Wrangler,Fully-configurable context-sensitive installation,1639.89,http://dummyimage.com/134x182.png/cc0000/ffffff
Cadillac,Terenowe,Seville,User-centric hybrid matrix,1095.62,http://dummyimage.com/241x216.png/5fa2dd/ffffff
Cadillac,Terenowe,Eldorado,Managed logistical process improvement,5007.88,http://dummyimage.com/215x213.png/cc0000/ffffff
Hummer,Terenowe,H2,Reverse-engineered tangible concept,5343.21,http://dummyimage.com/141x108.png/cc0000/ffffff
Toyota,Terenowe,Camry Hybrid,Future-proofed bi-directional neural-net,4946.18,http://dummyimage.com/133x221.png/ff4444/ffffff
Cadillac,Terenowe,STS,Innovative multimedia conglomeration,4635.71,http://dummyimage.com/202x250.png/cc0000/ffffff
Nissan,Terenowe,Sentra,Ameliorated solution-oriented throughput,8421.48,http://dummyimage.com/103x147.png/5fa2dd/ffffff
Ford,Terenowe,Aerostar,Profound holistic archive,2272.27,http://dummyimage.com/229x247.png/cc0000/ffffff
Lincoln,Terenowe,MKX,Focused exuding migration,5506.3,http://dummyimage.com/191x132.png/5fa2dd/ffffff
Pontiac,Terenowe,Bonneville,Multi-channelled web-enabled firmware,6851.25,http://dummyimage.com/208x166.png/5fa2dd/ffffff
Suzuki,Terenowe,SJ 410,Multi-layered impactful portal,7156.28,http://dummyimage.com/173x123.png/dddddd/000000
Volvo,Terenowe,C70,Phased zero administration framework,5266.25,http://dummyimage.com/118x239.png/ff4444/ffffff
Ford,Terenowe,Taurus,Stand-alone zero administration neural-net,4780.16,http://dummyimage.com/242x234.png/dddddd/000000
Pontiac,Terenowe,Tempest,Streamlined 4th generation focus group,3744.51,http://dummyimage.com/108x196.png/5fa2dd/ffffff
Suzuki,Terenowe,Sidekick,Customizable value-added workforce,8862.45,http://dummyimage.com/177x218.png/dddddd/000000
Rolls-Royce,Terenowe,Phantom,Total intangible superstructure,4690.43,http://dummyimage.com/140x208.png/ff4444/ffffff
Isuzu,Sportowe,Axiom,Triple-buffered optimizing artificial intelligence,3866.26,http://dummyimage.com/148x220.png/5fa2dd/ffffff
Audi,Sportowe,5000CS,Universal radical definition,7363.19,http://dummyimage.com/220x105.png/ff4444/ffffff
Mitsubishi,Sportowe,Diamante,Total cohesive capacity,6233.89,http://dummyimage.com/137x162.png/ff4444/ffffff
Buick,Sportowe,Roadmaster,Up-sized client-driven benchmark,3631.02,http://dummyimage.com/198x232.png/ff4444/ffffff
Lexus,Sportowe,LS,Reduced high-level workforce,9168.79,http://dummyimage.com/211x206.png/cc0000/ffffff
Aston Martin,Sportowe,V8 Vantage,Robust full-range challenge,7723.32,http://dummyimage.com/131x176.png/5fa2dd/ffffff
BMW,Sportowe,X5,Down-sized client-driven approach,5969.77,http://dummyimage.com/146x149.png/dddddd/000000
GMC,Sportowe,Safari,Focused context-sensitive data-warehouse,6564.71,http://dummyimage.com/156x137.png/5fa2dd/ffffff
Mazda,Sportowe,B-Series Plus,Balanced homogeneous productivity,3873.56,http://dummyimage.com/202x237.png/dddddd/000000
Lotus,Sportowe,Evora,Secured hybrid attitude,9374.46,http://dummyimage.com/246x123.png/cc0000/ffffff
GMC,Sportowe,Canyon,Upgradable 6th generation focus group,9205.45,http://dummyimage.com/115x189.png/5fa2dd/ffffff
Lexus,Sportowe,LS,Optimized asynchronous local area network,5388.13,http://dummyimage.com/181x179.png/dddddd/000000
Jeep,Sportowe,Commander,Centralized attitude-oriented productivity,2281.04,http://dummyimage.com/172x190.png/cc0000/ffffff
Volvo,Sportowe,C30,Balanced 3rd generation superstructure,8719.72,http://dummyimage.com/233x242.png/dddddd/000000
Infiniti,Sportowe,FX,Persevering real-time matrices,5584.42,http://dummyimage.com/242x175.png/5fa2dd/ffffff
BMW,Sportowe,M3,Programmable disintermediate flexibility,3687.07,http://dummyimage.com/108x237.png/cc0000/ffffff
Mazda,Sportowe,B-Series,Grass-roots explicit leverage,3178.66,http://dummyimage.com/213x222.png/5fa2dd/ffffff
Pontiac,Sportowe,Bonneville,Automated optimal architecture,1229.86,http://dummyimage.com/242x220.png/cc0000/ffffff
Scion,Sportowe,xD,Front-line even-keeled synergy,9553.53,http://dummyimage.com/116x124.png/5fa2dd/ffffff
Buick,Sportowe,Lucerne,Managed didactic paradigm,4387.67,http://dummyimage.com/128x157.png/cc0000/ffffff
GMC,Sportowe,3500,Object-based didactic concept,3207.94,http://dummyimage.com/237x213.png/ff4444/ffffff
Chevrolet,SUV,Avalanche,Front-line executive contingency,4952.57,http://dummyimage.com/205x136.png/ff4444/ffffff
Isuzu,SUV,Oasis,Assimilated bottom-line synergy,5561.2,http://dummyimage.com/233x223.png/ff4444/ffffff
Cadillac,SUV,DeVille,Customizable transitional core,2825.21,http://dummyimage.com/246x126.png/dddddd/000000
Ford,SUV,Taurus,Open-architected zero defect policy,7335.13,http://dummyimage.com/240x126.png/ff4444/ffffff
Pontiac,SUV,G6,Exclusive value-added functionalities,6641.44,http://dummyimage.com/131x225.png/5fa2dd/ffffff
Mercedes-Benz,SUV,S-Class,Devolved composite circuit,7724.3,http://dummyimage.com/203x205.png/ff4444/ffffff
Toyota,SUV,Paseo,Adaptive 4th generation ability,3829.88,http://dummyimage.com/195x188.png/5fa2dd/ffffff
Kia,SUV,Sorento,Profound local emulation,2728.24,http://dummyimage.com/123x190.png/dddddd/000000
Chevrolet,SUV,Silverado 2500,Persevering cohesive encryption,6023.27,http://dummyimage.com/148x148.png/cc0000/ffffff
Chevrolet,SUV,Avalanche 1500,Cloned global flexibility,9387.83,http://dummyimage.com/194x236.png/cc0000/ffffff
Toyota,SUV,FJ Cruiser,Persistent regional approach,1432.1,http://dummyimage.com/130x157.png/ff4444/ffffff
Toyota,SUV,4Runner,Intuitive mission-critical info-mediaries,5744.62,http://dummyimage.com/109x154.png/cc0000/ffffff
Volvo,SUV,C70,Team-oriented full-range budgetary management,7634.06,http://dummyimage.com/195x166.png/cc0000/ffffff
Toyota,SUV,Matrix,Fundamental needs-based hub,9083.5,http://dummyimage.com/245x123.png/ff4444/ffffff
Honda,SUV,CR-V,Horizontal background instruction set,6516.42,http://dummyimage.com/234x170.png/ff4444/ffffff
Volvo,SUV,V70,Digitized next generation system engine,3355.51,http://dummyimage.com/123x139.png/ff4444/ffffff
Buick,SUV,Regal,Intuitive scalable pricing structure,3545.54,http://dummyimage.com/123x241.png/dddddd/000000
GMC,SUV,Sonoma,User-centric value-added firmware,8856.61,http://dummyimage.com/149x120.png/cc0000/ffffff
Volkswagen,SUV,Jetta,Organic upward-trending migration,3607.74,http://dummyimage.com/235x246.png/5fa2dd/ffffff
Dodge,SUV,Viper,Customer-focused scalable software,5212.57,http://dummyimage.com/172x177.png/cc0000/ffffff
Audi,Rodzinne,Quattro,Automated logistical array,2417.01,http://dummyimage.com/126x215.png/5fa2dd/ffffff
Ford,Rodzinne,Explorer,Progressive composite knowledge base,3301.06,http://dummyimage.com/118x233.png/dddddd/000000
Buick,Rodzinne,Rendezvous,Quality-focused bandwidth-monitored process improvement,7085.31,http://dummyimage.com/225x153.png/dddddd/000000
Pontiac,Rodzinne,Safari,Secured impactful benchmark,3814.75,http://dummyimage.com/171x204.png/5fa2dd/ffffff
Chevrolet,Rodzinne,Astro,Reduced transitional task-force,8805.97,http://dummyimage.com/141x197.png/dddddd/000000
Scion,Rodzinne,xD,Cross-group asynchronous encryption,1365.13,http://dummyimage.com/185x237.png/ff4444/ffffff
Lincoln,Rodzinne,Navigator L,Profit-focused background intranet,9924.38,http://dummyimage.com/223x175.png/5fa2dd/ffffff
Ford,Rodzinne,Econoline E350,Sharable uniform groupware,2348.45,http://dummyimage.com/183x201.png/5fa2dd/ffffff
Chevrolet,Rodzinne,Corvette,Multi-tiered upward-trending methodology,3743.57,http://dummyimage.com/124x126.png/dddddd/000000
Volkswagen,Rodzinne,GTI,User-centric holistic synergy,4233.15,http://dummyimage.com/146x160.png/dddddd/000000
Ford,Rodzinne,F-Series Super Duty,Visionary multimedia encoding,2230.78,http://dummyimage.com/148x153.png/cc0000/ffffff
Mazda,Rodzinne,MX-5,Balanced intangible info-mediaries,5714.93,http://dummyimage.com/244x155.png/ff4444/ffffff
Ford,Rodzinne,Probe,Up-sized exuding benchmark,4269.94,http://dummyimage.com/231x212.png/dddddd/000000
Chevrolet,Rodzinne,Sonic,Operative stable encoding,6778.07,http://dummyimage.com/181x233.png/dddddd/000000
BMW,Rodzinne,M3,Managed contextually-based budgetary management,4416.6,http://dummyimage.com/222x235.png/5fa2dd/ffffff
Volkswagen,Rodzinne,Rabbit,Organized object-oriented help-desk,9363.72,http://dummyimage.com/175x177.png/ff4444/ffffff
Mitsubishi,Rodzinne,Starion,Robust foreground model,7432.9,http://dummyimage.com/230x233.png/ff4444/ffffff
Audi,Rodzinne,5000CS,Inverse eco-centric neural-net,7218.56,http://dummyimage.com/244x228.png/cc0000/ffffff
Ford,Rodzinne,ZX2,Triple-buffered 6th generation portal,4107.23,http://dummyimage.com/123x217.png/cc0000/ffffff
Ford,Rodzinne,LTD Crown Victoria,De-engineered tertiary contingency,3733.52,http://dummyimage.com/223x186.png/dddddd/000000
Chevrolet,Rodzinne,Suburban 2500,Open-architected asymmetric ability,2438.91,http://dummyimage.com/248x112.png/dddddd/000000
Subaru,Rodzinne,Legacy,Devolved intermediate policy,5369.08,http://dummyimage.com/250x107.png/dddddd/000000
Pontiac,Rodzinne,Firebird,Profound well-modulated infrastructure,7780.68,http://dummyimage.com/151x242.png/5fa2dd/ffffff
Cadillac,Rodzinne,Escalade ESV,Self-enabling high-level open architecture,1788.79,http://dummyimage.com/207x109.png/dddddd/000000
Acura,Rodzinne,RL,Front-line fault-tolerant focus group,7084.19,http://dummyimage.com/210x119.png/cc0000/ffffff
Volvo,Rodzinne,V70,Stand-alone reciprocal adapter,6417.41,http://dummyimage.com/160x245.png/dddddd/000000
Honda,Rodzinne,Odyssey,Multi-tiered high-level hub,7618.87,http://dummyimage.com/186x101.png/dddddd/000000
Geo,Rodzinne,Prizm,Assimilated fault-tolerant capacity,4917.76,http://dummyimage.com/120x229.png/cc0000/ffffff
Isuzu,Rodzinne,Trooper,Synchronised attitude-oriented data-warehouse,6463.04,http://dummyimage.com/178x136.png/cc0000/ffffff
Chevrolet,Rodzinne,Suburban 2500,Self-enabling global utilisation,3795.36,http://dummyimage.com/116x107.png/5fa2dd/ffffff
Volkswagen,Rodzinne,Golf,Expanded composite capacity,9140.09,http://dummyimage.com/137x166.png/5fa2dd/ffffff
Lotus,Rodzinne,Esprit,Virtual dedicated open architecture,3833.09,http://dummyimage.com/144x243.png/cc0000/ffffff
Land Rover,Rodzinne,Discovery,Face to face asynchronous complexity,5095.13,http://dummyimage.com/188x195.png/5fa2dd/ffffff
Honda,Rodzinne,Element,Object-based uniform hub,7591.82,http://dummyimage.com/139x118.png/dddddd/000000
Bentley,Rodzinne,Continental GT,Ergonomic asymmetric leverage,1711.12,http://dummyimage.com/236x109.png/ff4444/ffffff
Mitsubishi,Rodzinne,Pajero,Pre-emptive global throughput,2959.45,http://dummyimage.com/165x247.png/dddddd/000000
Buick,Rodzinne,Skyhawk,Stand-alone homogeneous matrices,1633.76,http://dummyimage.com/244x237.png/ff4444/ffffff
Honda,Rodzinne,Accord,Operative context-sensitive policy,1071.17,http://dummyimage.com/238x193.png/ff4444/ffffff
Buick,Rodzinne,Roadmaster,Centralized motivating projection,4647.04,http://dummyimage.com/181x115.png/ff4444/ffffff
Audi,Rodzinne,S4,Automated modular methodology,3521.12,http://dummyimage.com/193x152.png/ff4444/ffffff
Audi,Rodzinne,TT,Intuitive impactful initiative,8585.58,http://dummyimage.com/163x203.png/cc0000/ffffff
